,ts_code,trade_date,open,high,low,close,pre_close,change,pct_chg,vol,amount
0,600000.SH,20200731,10.41,10.52,10.31,10.36,10.4,-0.04,-0.3846,653684.27,679850.126
1,600010.SH,20200731,1.16,1.18,1.15,1.17,1.17,0.0,0.0,2599167.67,302868.108
2,600015.SH,20200731,6.37,6.44,6.35,6.36,6.37,-0.01,-0.157,242158.57,154558.28
3,600000.SH,20200730,10.51,10.53,10.4,10.4,10.51,-0.11,-1.0466,404434.81,422561.054
4,600010.SH,20200730,1.18,1.18,1.16,1.17,1.18,-0.01,-0.8475,2588371.75,302758.623
5,600015.SH,20200730,6.42,6.44,6.36,6.37,6.42,-0.05,-0.7788,152052.57,97164.638
6,600000.SH,20200729,10.35,10.54,10.32,10.51,10.39,0.12,1.155,452566.02,474093.213
7,600010.SH,20200729,1.17,1.19,1.15,1.18,1.17,0.01,0.8547,3277912.63,383147.016
8,600015.SH,20200729,6.35,6.44,6.31,6.42,6.35,0.07,1.1024,216270.74,138293.964
9,600000.SH,20200728,10.46,10.54,10.35,10.39,10.37,0.02,0.1929,325992.74,339999.711
10,600010.SH,20200728,1.17,1.19,1.16,1.17,1.16,0.01,0.8621,3090048.17,363256.484
11,600015.SH,20200728,6.33,6.38,6.33,6.35,6.31,0.04,0.6339,173205.01,109990.94
12,600000.SH,20200727,10.55,10.55,10.32,10.37,10.42,-0.05,-0.4798,446559.1,465608.566
13,600010.SH,20200727,1.16,1.17,1.15,1.16,1.16,0.0,0.0,2282788.59,264708.632
14,600015.SH,20200727,6.34,6.37,6.29,6.31,6.33,-0.02,-0.316,197362.11,124679.741
15,600000.SH,20200724,10.78,10.8,10.4,10.42,10.84,-0.42,-3.8745,728863.91,769923.511
16,600010.SH,20200724,1.19,1.2,1.15,1.16,1.2,-0.04,-3.3333,4409635.64,517756.43
17,600015.SH,20200724,6.44,6.46,6.32,6.33,6.46,-0.13,-2.0124,338201.39,215642.676
18,600000.SH,20200723,10.99,10.99,10.61,10.84,11.02,-0.18,-1.6334,868068.96,937319.747
19,600010.SH,20200723,1.19,1.23,1.18,1.2,1.19,0.01,0.8403,5942183.09,714117.647
20,600015.SH,20200723,6.53,6.54,6.38,6.46,6.58,-0.12,-1.8237,368503.52,237995.222
21,600000.SH,20200722,11.55,11.75,11.5,11.62,11.54,0.08,0.6932,986876.37,1147395.851
22,600010.SH,20200722,1.19,1.21,1.18,1.19,1.18,0.01,0.8475,4051056.83,483974.003
23,600015.SH,20200722,6.57,6.66,6.53,6.58,6.58,0.0,0.0,371574.78,244937.415
24,600000.SH,20200721,11.59,11.61,11.4,11.54,11.52,0.02,0.1736,550045.87,632576.75
25,600010.SH,20200721,1.2,1.21,1.17,1.18,1.2,-0.02,-1.6667,2959953.23,350439.502
26,600015.SH,20200721,6.62,6.65,6.54,6.58,6.61,-0.03,-0.4539,313953.68,206735.359
27,600000.SH,20200720,11.32,11.57,11.27,11.52,11.27,0.25,2.2183,787665.18,901216.619
28,600010.SH,20200720,1.15,1.21,1.14,1.2,1.14,0.06,5.2632,6038891.1,709105.975
29,600015.SH,20200720,6.46,6.61,6.44,6.61,6.43,0.18,2.7994,502041.95,328652.162
30,600000.SH,20200717,11.37,11.39,11.17,11.27,11.2,0.07,0.625,686394.8,771657.319
31,600010.SH,20200717,1.16,1.17,1.13,1.14,1.16,-0.02,-1.7241,3636740.58,417048.246
32,600015.SH,20200717,6.5,6.53,6.38,6.43,6.48,-0.05,-0.7716,412772.16,266026.862
33,600000.SH,20200716,11.25,11.48,11.2,11.2,11.18,0.02,0.1789,966141.62,1094090.004
34,600010.SH,20200716,1.19,1.21,1.15,1.16,1.19,-0.03,-2.521,4707769.38,555598.741
35,600015.SH,20200716,6.53,6.58,6.47,6.48,6.51,-0.03,-0.4608,523515.12,341892.008
36,600000.SH,20200715,11.47,11.47,11.14,11.18,11.38,-0.2,-1.7575,924383.1,1042128.861
37,600010.SH,20200715,1.23,1.24,1.18,1.19,1.22,-0.03,-2.459,5098331.73,612392.688
38,600015.SH,20200715,6.66,6.68,6.5,6.51,6.63,-0.12,-1.81,577628.05,379109.863
39,600000.SH,20200714,11.61,11.69,11.33,11.38,11.66,-0.28,-2.4014,799442.6,919482.272
40,600010.SH,20200714,1.25,1.27,1.21,1.22,1.24,-0.02,-1.6129,6032366.73,746695.584
41,600015.SH,20200714,6.75,6.78,6.59,6.63,6.75,-0.12,-1.7778,640637.47,428270.585
42,600000.SH,20200713,11.6,11.85,11.56,11.66,11.6,0.06,0.5172,965643.33,1128297.577
43,600010.SH,20200713,1.22,1.25,1.21,1.24,1.22,0.02,1.6393,6329341.26,779903.267
44,600015.SH,20200713,6.73,6.82,6.68,6.75,6.76,-0.01,-0.1479,671644.82,453307.5
45,600000.SH,20200710,11.98,12.09,11.55,11.6,11.99,-0.39,-3.2527,786118.64,925839.42
46,600010.SH,20200710,1.25,1.26,1.21,1.22,1.27,-0.05,-3.937,7279184.77,901554.891
47,600015.SH,20200710,6.93,6.96,6.73,6.76,6.96,-0.2,-2.8736,697357.7,476635.079
48,600000.SH,20200709,12.26,12.26,11.94,11.99,12.14,-0.15,-1.2356,913117.38,1101713.242
49,600010.SH,20200709,1.23,1.28,1.21,1.27,1.24,0.03,2.4194,10607737.5,1320236.489
50,600015.SH,20200709,6.98,7.06,6.92,6.96,7.02,-0.06,-0.8547,701658.89,489461.911
51,600000.SH,20200708,12.17,12.44,12.03,12.14,12.11,0.03,0.2477,1048792.3,1282339.816
52,600010.SH,20200708,1.17,1.26,1.16,1.24,1.18,0.06,5.0847,11639652.76,1413700.005
53,600015.SH,20200708,6.91,7.11,6.87,7.02,6.94,0.08,1.1527,952615.86,665340.718
54,600000.SH,20200707,12.45,12.69,12.1,12.11,12.2,-0.09,-0.7377,1314697.59,1621839.646
55,600010.SH,20200707,1.21,1.24,1.18,1.18,1.19,-0.01,-0.8403,9751763.52,1176416.986
56,600015.SH,20200707,7.25,7.42,6.92,6.94,7.14,-0.2,-2.8011,1530349.16,1082853.556
57,600000.SH,20200706,11.3,12.31,11.29,12.2,11.19,1.01,9.0259,1495580.01,1776417.981
58,600010.SH,20200706,1.13,1.2,1.13,1.19,1.12,0.07,6.25,10297976.39,1202452.915
59,600015.SH,20200706,6.56,7.16,6.56,7.14,6.51,0.63,9.6774,1329087.59,918715.136
60,600000.SH,20200703,11.08,11.26,11.02,11.19,11.05,0.14,1.267,822384.77,916157.92
61,600010.SH,20200703,1.11,1.14,1.1,1.12,1.11,0.01,0.9009,5585804.94,627103.875
62,600015.SH,20200703,6.37,6.52,6.36,6.51,6.37,0.14,2.1978,635388.97,409749.461
63,600000.SH,20200702,10.73,11.05,10.7,11.05,10.74,0.31,2.8864,609512.68,663308.323
64,600010.SH,20200702,1.08,1.11,1.08,1.11,1.08,0.03,2.7778,3993778.35,438065.135
65,600015.SH,20200702,6.19,6.37,6.18,6.37,6.2,0.17,2.7419,537280.21,337699.217
66,600000.SH,20200701,10.59,10.76,10.55,10.74,10.58,0.16,1.5123,366907.1,390832.225
67,600010.SH,20200701,1.08,1.09,1.07,1.08,1.08,0.0,0.0,1790281.9,193250.753
68,600015.SH,20200701,6.12,6.22,6.11,6.2,6.12,0.08,1.3072,315985.65,194994.472
69,600000.SH,20200630,10.59,10.64,10.54,10.58,10.57,0.01,0.0946,228867.64,242601.91
70,600010.SH,20200630,1.08,1.09,1.07,1.08,1.07,0.01,0.9346,1995587.91,215500.584
71,600015.SH,20200630,6.11,6.15,6.11,6.12,6.11,0.01,0.1637,202951.37,124406.46
72,600000.SH,20200629,10.63,10.73,10.49,10.57,10.6,-0.03,-0.283,278756.19,295223.647
73,600010.SH,20200629,1.08,1.09,1.07,1.07,1.08,-0.01,-0.9259,1975920.15,213214.024
74,600015.SH,20200629,6.16,6.17,6.09,6.11,6.13,-0.02,-0.3263,152916.5,93643.777
75,600000.SH,20200624,10.54,10.61,10.5,10.6,10.48,0.12,1.145,228738.84,241489.165
76,600010.SH,20200624,1.09,1.1,1.08,1.08,1.09,-0.01,-0.9174,1382824.14,149962.564
77,600015.SH,20200624,6.11,6.17,6.09,6.13,6.1,0.03,0.4918,147087.95,90236.982
78,600000.SH,20200623,10.51,10.57,10.47,10.48,10.55,-0.07,-0.6635,196022.12,206109.22
79,600010.SH,20200623,1.09,1.1,1.08,1.09,1.09,0.0,0.0,2367328.22,257557.052
80,600015.SH,20200623,6.13,6.14,6.09,6.1,6.13,-0.03,-0.4894,126741.49,77378.489
81,600000.SH,20200622,10.57,10.66,10.53,10.55,10.61,-0.06,-0.5655,246119.03,260728.901
82,600010.SH,20200622,1.11,1.11,1.09,1.09,1.11,-0.02,-1.8018,2869770.26,314647.352
83,600015.SH,20200622,6.13,6.17,6.12,6.13,6.13,0.0,0.0,188533.65,115877.702
84,600000.SH,20200619,10.56,10.68,10.5,10.61,10.5,0.11,1.0476,398144.79,422462.428
85,600010.SH,20200619,1.13,1.14,1.1,1.11,1.15,-0.04,-3.4783,5581235.88,623760.569
86,600015.SH,20200619,6.11,6.16,6.09,6.13,6.09,0.04,0.6568,293055.99,179306.831
87,600000.SH,20200618,10.42,10.57,10.39,10.5,10.47,0.03,0.2865,208565.51,218713.603
88,600010.SH,20200618,1.1,1.18,1.1,1.15,1.11,0.04,3.6036,9085706.86,1041636.503
89,600015.SH,20200618,6.34,6.38,6.3,6.34,6.33,0.01,0.158,288990.91,183447.127
90,600000.SH,20200617,10.44,10.51,10.43,10.47,10.45,0.02,0.1914,161485.94,169024.39
91,600010.SH,20200617,1.08,1.13,1.08,1.11,1.1,0.01,0.9091,5319218.46,589167.904
92,600015.SH,20200617,6.33,6.34,6.31,6.33,6.32,0.01,0.1582,103835.14,65684.818
93,600000.SH,20200616,10.44,10.5,10.4,10.45,10.35,0.1,0.9662,176827.42,184966.297
94,600010.SH,20200616,1.07,1.1,1.07,1.1,1.07,0.03,2.8037,3488800.48,379215.654
95,600015.SH,20200616,6.29,6.33,6.29,6.32,6.27,0.05,0.7974,120926.55,76261.716
96,600000.SH,20200615,10.41,10.49,10.35,10.35,10.55,-0.2,-1.8957,254978.83,265574.307
97,600010.SH,20200615,1.08,1.08,1.06,1.07,1.08,-0.01,-0.9259,2374447.6,254780.917
98,600015.SH,20200615,6.28,6.31,6.27,6.27,6.29,-0.02,-0.318,156271.72,98244.488
99,600000.SH,20200612,10.58,10.58,10.43,10.55,10.48,0.07,0.6679,255144.82,267574.331
100,600010.SH,20200612,1.07,1.09,1.07,1.08,1.09,-0.01,-0.9174,1889328.2,203750.931
101,600015.SH,20200612,6.26,6.3,6.24,6.29,6.3,-0.01,-0.1587,188967.8,118594.791
102,600000.SH,20200611,10.58,10.61,10.45,10.48,10.58,-0.1,-0.9452,251714.55,264822.302
103,600010.SH,20200611,1.08,1.1,1.08,1.09,1.08,0.01,0.9259,1783380.72,193765.675
104,600015.SH,20200611,6.35,6.35,6.3,6.3,6.34,-0.04,-0.6309,180979.11,114392.109
105,600000.SH,20200610,10.71,10.71,10.58,10.58,10.68,-0.1,-0.9363,166934.8,177440.922
106,600010.SH,20200610,1.09,1.1,1.07,1.08,1.09,-0.01,-0.9174,2009693.83,218133.039
107,600015.SH,20200610,6.38,6.38,6.32,6.34,6.38,-0.04,-0.627,210131.52,133327.994
108,600000.SH,20200609,10.62,10.72,10.58,10.68,10.61,0.07,0.6598,172631.6,184089.097
109,600010.SH,20200609,1.09,1.09,1.08,1.09,1.09,0.0,0.0,891737.13,96593.539
110,600015.SH,20200609,6.37,6.39,6.34,6.38,6.36,0.02,0.3145,167284.56,106499.725
111,600000.SH,20200608,10.64,10.72,10.6,10.61,10.67,-0.06,-0.5623,182511.52,194265.349
112,600010.SH,20200608,1.08,1.1,1.08,1.09,1.08,0.01,0.9259,2346690.59,255651.761
113,600015.SH,20200608,6.4,6.41,6.35,6.36,6.39,-0.03,-0.4695,151162.73,96468.434
114,600000.SH,20200605,10.68,10.69,10.56,10.67,10.64,0.03,0.282,209582.91,222668.156
115,600010.SH,20200605,1.09,1.09,1.07,1.08,1.09,-0.01,-0.9174,1434367.95,155088.531
116,600015.SH,20200605,6.4,6.41,6.37,6.39,6.4,-0.01,-0.1563,116642.81,74498.14
117,600000.SH,20200604,10.8,10.8,10.64,10.64,10.7,-0.06,-0.5607,175590.33,187688.384
118,600010.SH,20200604,1.1,1.1,1.08,1.09,1.09,0.0,0.0,1221529.07,132663.903
119,600015.SH,20200604,6.44,6.45,6.38,6.4,6.44,-0.04,-0.6211,104047.25,66652.65
120,600000.SH,20200603,10.75,10.87,10.7,10.7,10.68,0.02,0.1873,273521.88,294473.001
121,600010.SH,20200603,1.1,1.11,1.09,1.09,1.1,-0.01,-0.9091,1321212.08,144914.544
122,600015.SH,20200603,6.45,6.49,6.42,6.44,6.44,0.0,0.0,170525.22,110087.753
123,600000.SH,20200602,10.58,10.74,10.58,10.68,10.65,0.03,0.2817,259225.45,276609.954
124,600010.SH,20200602,1.11,1.11,1.09,1.1,1.1,0.0,0.0,1868128.14,205469.511
125,600015.SH,20200602,6.41,6.44,6.4,6.44,6.42,0.02,0.3115,161267.57,103598.419
126,600000.SH,20200601,10.63,10.72,10.57,10.65,10.57,0.08,0.7569,286128.41,304346.423
127,600010.SH,20200601,1.1,1.11,1.09,1.1,1.1,0.0,0.0,2134504.26,234822.104
128,600015.SH,20200601,6.37,6.42,6.36,6.42,6.37,0.05,0.7849,157007.29,100554.101
129,600000.SH,20200529,10.45,10.57,10.45,10.57,10.53,0.04,0.3799,306592.27,322828.566
130,600010.SH,20200529,1.1,1.1,1.08,1.1,1.1,0.0,0.0,2642571.46,288964.181
131,600015.SH,20200529,6.37,6.38,6.32,6.37,6.39,-0.02,-0.313,174145.97,110620.133
132,600000.SH,20200528,10.36,10.55,10.36,10.53,10.35,0.18,1.7391,382631.89,401358.593
133,600010.SH,20200528,1.1,1.11,1.08,1.1,1.11,-0.01,-0.9009,3563965.14,391196.926
134,600015.SH,20200528,6.36,6.44,6.35,6.39,6.35,0.04,0.6299,131888.34,84326.874
135,600000.SH,20200527,10.28,10.38,10.25,10.35,10.27,0.08,0.779,201457.12,208419.13
136,600010.SH,20200527,1.06,1.12,1.05,1.11,1.07,0.04,3.7383,5510540.02,598547.667
137,600015.SH,20200527,6.34,6.37,6.33,6.35,6.33,0.02,0.316,89659.39,56933.729
138,600000.SH,20200526,10.32,10.32,10.25,10.27,10.27,0.0,0.0,143722.49,147713.417
139,600010.SH,20200526,1.06,1.07,1.05,1.07,1.06,0.01,0.9434,1659863.39,176235.375
140,600015.SH,20200526,6.32,6.34,6.31,6.33,6.32,0.01,0.1582,88274.07,55858.128
141,600000.SH,20200525,10.3,10.31,10.13,10.27,10.14,0.13,1.2821,157220.12,160438.358
142,600010.SH,20200525,1.07,1.07,1.05,1.06,1.07,-0.01,-0.9346,1874391.78,198939.523
143,600015.SH,20200525,6.35,6.35,6.3,6.32,6.34,-0.02,-0.3155,129842.02,82173.998
144,600000.SH,20200522,10.3,10.34,10.14,10.14,10.33,-0.19,-1.8393,237229.15,243204.611
145,600010.SH,20200522,1.07,1.08,1.06,1.07,1.08,-0.01,-0.9259,2391154.99,255510.035
146,600015.SH,20200522,6.4,6.42,6.34,6.34,6.4,-0.06,-0.9375,97144.2,61866.285
147,600000.SH,20200521,10.44,10.44,10.33,10.33,10.41,-0.08,-0.7685,143616.84,149140.643
148,600010.SH,20200521,1.09,1.09,1.07,1.08,1.08,0.0,0.0,1843379.47,199142.064
149,600015.SH,20200521,6.43,6.44,6.4,6.4,6.42,-0.02,-0.3115,83097.09,53397.219
150,600000.SH,20200520,10.37,10.42,10.33,10.41,10.35,0.06,0.5797,200463.0,208195.248
151,600010.SH,20200520,1.1,1.11,1.08,1.08,1.1,-0.02,-1.8182,2305624.29,251272.978
152,600015.SH,20200520,6.43,6.45,6.41,6.42,6.43,-0.01,-0.1555,67308.56,43223.805
153,600000.SH,20200519,10.45,10.45,10.34,10.35,10.32,0.03,0.2907,125769.97,130445.254
154,600010.SH,20200519,1.12,1.12,1.1,1.1,1.12,-0.02,-1.7857,1970843.37,218145.138
155,600015.SH,20200519,6.45,6.47,6.42,6.43,6.42,0.01,0.1558,80432.49,51795.556
156,600000.SH,20200518,10.28,10.43,10.25,10.32,10.28,0.04,0.3891,156759.41,162140.715
157,600010.SH,20200518,1.1,1.13,1.09,1.12,1.1,0.02,1.8182,3936980.9,438543.608
158,600015.SH,20200518,6.4,6.43,6.38,6.42,6.4,0.02,0.3125,74657.37,47886.907
159,600000.SH,20200515,10.36,10.38,10.26,10.28,10.3,-0.02,-0.1942,137537.7,141846.602
160,600010.SH,20200515,1.11,1.11,1.09,1.1,1.1,0.0,0.0,1697841.77,186845.597
161,600015.SH,20200515,6.42,6.43,6.39,6.4,6.4,0.0,0.0,70398.9,45147.116
162,600000.SH,20200514,10.32,10.36,10.27,10.3,10.38,-0.08,-0.7707,158923.76,163558.192
163,600010.SH,20200514,1.1,1.12,1.1,1.1,1.11,-0.01,-0.9009,1102882.97,122043.433
164,600015.SH,20200514,6.42,6.43,6.39,6.4,6.44,-0.04,-0.6211,119001.64,76244.248
165,600000.SH,20200513,10.31,10.39,10.28,10.38,10.34,0.04,0.3868,155743.1,160783.648
166,600010.SH,20200513,1.12,1.12,1.1,1.11,1.12,-0.01,-0.8929,1582959.78,175853.844
167,600015.SH,20200513,6.45,6.46,6.42,6.44,6.46,-0.02,-0.3096,130755.39,84157.072
168,600000.SH,20200512,10.44,10.48,10.34,10.34,10.43,-0.09,-0.8629,194059.45,201474.588
169,600010.SH,20200512,1.11,1.14,1.1,1.12,1.11,0.01,0.9009,3147000.19,352974.272
170,600015.SH,20200512,6.51,6.52,6.45,6.46,6.5,-0.04,-0.6154,118959.89,77007.488
171,600000.SH,20200511,10.44,10.54,10.42,10.43,10.44,-0.01,-0.0958,214724.95,224819.916
172,600010.SH,20200511,1.12,1.13,1.1,1.11,1.12,-0.01,-0.8929,2223558.96,246884.984
173,600015.SH,20200511,6.52,6.55,6.49,6.5,6.52,-0.02,-0.3067,112737.92,73452.455
174,600000.SH,20200508,10.44,10.49,10.4,10.44,10.39,0.05,0.4812,209276.7,218698.514
175,600010.SH,20200508,1.13,1.13,1.11,1.12,1.13,-0.01,-0.885,2427960.95,271933.552
176,600015.SH,20200508,6.49,6.54,6.47,6.52,6.47,0.05,0.7728,156127.66,101609.489
177,600000.SH,20200507,10.45,10.46,10.37,10.39,10.46,-0.07,-0.6692,262116.56,272516.386
178,600010.SH,20200507,1.13,1.16,1.12,1.13,1.1,0.03,2.7273,4745762.27,539442.442
179,600015.SH,20200507,6.51,6.51,6.46,6.47,6.51,-0.04,-0.6144,163639.2,105993.247
180,600000.SH,20200506,10.44,10.49,10.36,10.46,10.63,-0.17,-1.5992,413783.62,431336.74
181,600010.SH,20200506,1.06,1.11,1.06,1.1,1.08,0.02,1.8519,3231974.91,351162.266
182,600015.SH,20200506,6.5,6.52,6.48,6.51,6.56,-0.05,-0.7622,261512.38,169958.058
183,600000.SH,20200430,10.58,10.79,10.56,10.63,10.61,0.02,0.1885,309069.71,330157.488
184,600010.SH,20200430,1.04,1.09,1.04,1.08,1.05,0.03,2.8571,3371595.6,359220.136
185,600015.SH,20200430,6.59,6.6,6.52,6.56,6.57,-0.01,-0.1522,310095.67,203364.568
186,600000.SH,20200429,10.35,10.61,10.33,10.61,10.33,0.28,2.7106,350568.36,367739.389
187,600010.SH,20200429,1.06,1.07,1.04,1.05,1.07,-0.02,-1.8692,2213806.52,233492.837
188,600015.SH,20200429,6.42,6.58,6.41,6.57,6.42,0.15,2.3364,254964.89,166074.026
189,600000.SH,20200428,10.36,10.38,10.22,10.33,10.34,-0.01,-0.0967,292225.78,301584.635
190,600010.SH,20200428,1.09,1.1,1.05,1.07,1.1,-0.03,-2.7273,3073599.21,328812.522
191,600015.SH,20200428,6.43,6.44,6.34,6.42,6.42,0.0,0.0,167120.74,106920.719
192,600000.SH,20200427,10.15,10.42,10.15,10.34,10.06,0.28,2.7833,503428.06,520243.997
193,600010.SH,20200427,1.11,1.11,1.1,1.1,1.11,-0.01,-0.9009,1545924.82,170429.086
194,600015.SH,20200427,6.39,6.46,6.37,6.42,6.38,0.04,0.627,180093.49,115786.842
195,600000.SH,20200424,10.06,10.09,10.01,10.06,10.06,0.0,0.0,169731.13,170599.17
196,600010.SH,20200424,1.12,1.13,1.1,1.11,1.12,-0.01,-0.8929,1956668.57,217694.446
197,600015.SH,20200424,6.41,6.41,6.34,6.38,6.4,-0.02,-0.3125,133125.88,84831.906
198,600000.SH,20200423,10.1,10.1,10.01,10.06,10.07,-0.01,-0.0993,168786.43,169579.075
199,600010.SH,20200423,1.13,1.13,1.12,1.12,1.13,-0.01,-0.885,1087714.1,122153.7
200,600015.SH,20200423,6.42,6.42,6.38,6.4,6.41,-0.01,-0.156,105154.06,67323.704
201,600000.SH,20200422,10.02,10.07,9.98,10.07,10.03,0.04,0.3988,158024.41,158372.535
202,600010.SH,20200422,1.12,1.13,1.11,1.13,1.12,0.01,0.8929,1122080.18,125999.022
203,600015.SH,20200422,6.4,6.41,6.36,6.41,6.4,0.01,0.1563,107218.75,68523.615
204,600000.SH,20200421,10.07,10.12,10.01,10.03,10.11,-0.08,-0.7913,175575.25,176508.085
205,600010.SH,20200421,1.14,1.14,1.12,1.12,1.14,-0.02,-1.7544,1290896.83,145372.013
206,600015.SH,20200421,6.44,6.44,6.39,6.4,6.44,-0.04,-0.6211,146553.52,94026.49
207,600000.SH,20200420,10.15,10.19,10.09,10.11,10.2,-0.09,-0.8824,235037.15,237574.344
208,600010.SH,20200420,1.13,1.14,1.13,1.14,1.14,0.0,0.0,739893.51,83911.383
209,600015.SH,20200420,6.48,6.48,6.42,6.44,6.48,-0.04,-0.6173,181871.09,117113.86
210,600000.SH,20200417,10.18,10.23,10.15,10.2,10.16,0.04,0.3937,227444.11,231788.988
211,600010.SH,20200417,1.14,1.14,1.13,1.14,1.13,0.01,0.885,686176.63,77951.896
212,600015.SH,20200417,6.49,6.51,6.45,6.48,6.48,0.0,0.0,182664.07,118332.73
213,600000.SH,20200416,10.1,10.18,10.1,10.16,10.18,-0.02,-0.1965,144031.97,145969.853
214,600010.SH,20200416,1.13,1.14,1.13,1.13,1.13,0.0,0.0,686809.53,77799.206
215,600015.SH,20200416,6.44,6.48,6.43,6.48,6.46,0.02,0.3096,125348.07,80828.15
216,600000.SH,20200415,10.2,10.27,10.15,10.18,10.25,-0.07,-0.6829,149456.08,152284.659
217,600010.SH,20200415,1.14,1.15,1.13,1.13,1.15,-0.02,-1.7391,1062216.88,121033.666
218,600015.SH,20200415,6.48,6.48,6.45,6.46,6.48,-0.02,-0.3086,92651.85,59896.906
219,600000.SH,20200414,10.17,10.25,10.12,10.25,10.11,0.14,1.3848,177929.26,181192.027
220,600010.SH,20200414,1.14,1.15,1.13,1.15,1.14,0.01,0.8772,1225218.24,139637.881
221,600015.SH,20200414,6.44,6.5,6.43,6.48,6.42,0.06,0.9346,129128.8,83385.648
222,600000.SH,20200413,10.15,10.22,10.1,10.11,10.21,-0.1,-0.9794,119669.86,121315.47
223,600010.SH,20200413,1.14,1.15,1.13,1.14,1.14,0.0,0.0,864698.66,98194.601
224,600015.SH,20200413,6.46,6.47,6.4,6.42,6.47,-0.05,-0.7728,125246.99,80509.2
225,600000.SH,20200410,10.22,10.24,10.15,10.21,10.2,0.01,0.098,166255.28,169625.912
226,600010.SH,20200410,1.15,1.16,1.14,1.14,1.15,-0.01,-0.8696,961616.45,110054.634
227,600015.SH,20200410,6.54,6.55,6.47,6.47,6.53,-0.06,-0.9188,132727.07,86311.995
228,600000.SH,20200409,10.26,10.29,10.18,10.2,10.24,-0.04,-0.3906,135695.86,138881.044
229,600010.SH,20200409,1.15,1.16,1.15,1.15,1.15,0.0,0.0,921068.47,106171.317
230,600015.SH,20200409,6.56,6.57,6.53,6.53,6.55,-0.02,-0.3053,92564.09,60597.795
231,600000.SH,20200408,10.25,10.29,10.18,10.24,10.28,-0.04,-0.3891,179522.55,183606.904
232,600010.SH,20200408,1.15,1.16,1.14,1.15,1.16,-0.01,-0.8621,1178234.65,135467.007
233,600015.SH,20200408,6.53,6.56,6.52,6.55,6.55,0.0,0.0,102459.79,66982.004
234,600000.SH,20200407,10.3,10.33,10.23,10.28,10.15,0.13,1.2808,238256.11,244911.012
235,600010.SH,20200407,1.15,1.16,1.14,1.16,1.14,0.02,1.7544,1802485.24,207601.188
236,600015.SH,20200407,6.53,6.57,6.53,6.55,6.47,0.08,1.2365,162166.53,106125.251
237,600000.SH,20200403,10.13,10.21,10.12,10.15,10.2,-0.05,-0.4902,148423.82,150706.819
238,600010.SH,20200403,1.14,1.15,1.13,1.14,1.15,-0.01,-0.8696,1194907.96,136318.097
239,600015.SH,20200403,6.51,6.52,6.46,6.47,6.52,-0.05,-0.7669,95462.83,61946.257
240,600000.SH,20200402,10.09,10.2,10.07,10.2,10.09,0.11,1.0902,170421.35,172675.321
241,600010.SH,20200402,1.13,1.15,1.13,1.15,1.14,0.01,0.8772,1180896.1,134676.938
242,600015.SH,20200402,6.45,6.53,6.43,6.52,6.47,0.05,0.7728,155351.9,100688.613
243,600000.SH,20200401,10.11,10.26,10.09,10.09,10.15,-0.06,-0.5911,224791.92,228559.545
244,600010.SH,20200401,1.15,1.16,1.14,1.14,1.15,-0.01,-0.8696,1586162.18,181630.109
245,600015.SH,20200401,6.49,6.54,6.44,6.47,6.47,0.0,0.0,139360.9,90501.705
246,600000.SH,20200331,10.3,10.36,10.13,10.15,10.28,-0.13,-1.2646,261448.54,267681.227
247,600010.SH,20200331,1.14,1.16,1.13,1.15,1.14,0.01,0.8772,2024205.14,232068.414
248,600015.SH,20200331,6.55,6.57,6.45,6.47,6.51,-0.04,-0.6144,139148.2,90670.357
249,600000.SH,20200330,10.18,10.28,10.11,10.28,10.24,0.04,0.3906,260460.18,265782.024
250,600010.SH,20200330,1.14,1.15,1.13,1.14,1.15,-0.01,-0.8696,1475715.13,167732.05
251,600015.SH,20200330,6.44,6.57,6.44,6.51,6.54,-0.03,-0.4587,189026.51,123053.12
252,600000.SH,20200327,10.35,10.38,10.2,10.24,10.23,0.01,0.0978,271079.51,278718.751
253,600010.SH,20200327,1.15,1.16,1.14,1.15,1.14,0.01,0.8772,1316223.76,151590.037
254,600015.SH,20200327,6.59,6.62,6.54,6.54,6.55,-0.01,-0.1527,175758.36,115492.886
255,600000.SH,20200326,10.1,10.37,10.08,10.23,10.15,0.08,0.7882,309218.03,315960.382
256,600010.SH,20200326,1.15,1.16,1.14,1.14,1.16,-0.02,-1.7241,1280838.45,147444.234
257,600015.SH,20200326,6.53,6.62,6.49,6.55,6.55,0.0,0.0,192229.94,125897.815
258,600000.SH,20200325,10.2,10.27,10.12,10.15,10.06,0.09,0.8946,321722.78,327768.574
259,600010.SH,20200325,1.16,1.17,1.15,1.16,1.15,0.01,0.8696,1982630.17,229843.024
260,600015.SH,20200325,6.53,6.57,6.49,6.55,6.45,0.1,1.5504,225558.83,147406.949
261,600000.SH,20200324,10.03,10.13,9.98,10.06,9.84,0.22,2.2358,289907.54,291586.379
262,600010.SH,20200324,1.15,1.15,1.14,1.15,1.13,0.02,1.7699,1485164.6,170193.739
263,600015.SH,20200324,6.41,6.47,6.39,6.45,6.33,0.12,1.8957,260481.4,167642.332
264,600000.SH,20200323,9.95,9.95,9.82,9.84,10.09,-0.25,-2.4777,282860.3,279043.93
265,600010.SH,20200323,1.14,1.14,1.12,1.13,1.15,-0.02,-1.7391,1895329.28,214289.924
266,600015.SH,20200323,6.38,6.43,6.33,6.33,6.48,-0.15,-2.3148,284189.3,181080.345
267,600000.SH,20200320,10.12,10.18,9.96,10.09,9.94,0.15,1.5091,426093.58,428744.766
268,600010.SH,20200320,1.15,1.16,1.14,1.15,1.14,0.01,0.8772,1342087.91,154032.164
269,600015.SH,20200320,6.51,6.55,6.43,6.48,6.47,0.01,0.1546,407143.87,264246.68
270,600000.SH,20200319,10.19,10.34,9.86,9.94,10.21,-0.27,-2.6445,557071.13,558047.012
271,600010.SH,20200319,1.14,1.15,1.13,1.14,1.14,0.0,0.0,2031384.39,231369.113
272,600015.SH,20200319,6.69,6.71,6.45,6.47,6.7,-0.23,-3.4328,613578.95,401445.521
273,600000.SH,20200318,10.4,10.5,10.2,10.21,10.43,-0.22,-2.1093,331766.46,343553.119
274,600010.SH,20200318,1.16,1.17,1.14,1.14,1.16,-0.02,-1.7241,1628227.29,188252.403
275,600015.SH,20200318,6.86,6.88,6.68,6.7,6.84,-0.14,-2.0468,286503.05,195036.481
276,600000.SH,20200317,10.68,10.69,10.29,10.43,10.51,-0.08,-0.7612,421390.08,440636.619
277,600010.SH,20200317,1.15,1.17,1.14,1.16,1.15,0.01,0.8696,1778291.7,204732.752
278,600015.SH,20200317,6.88,6.96,6.82,6.84,6.88,-0.04,-0.5814,341227.87,234446.245
279,600000.SH,20200316,10.7,10.78,10.5,10.51,10.7,-0.19,-1.7757,476499.24,507308.318
280,600010.SH,20200316,1.18,1.18,1.15,1.15,1.17,-0.02,-1.7094,2397530.0,279466.083
281,600015.SH,20200316,6.98,7.02,6.87,6.88,6.95,-0.07,-1.0072,318672.73,221683.926
282,600000.SH,20200313,10.4,10.73,10.28,10.7,10.64,0.06,0.5639,574571.09,603756.305
283,600010.SH,20200313,1.16,1.17,1.14,1.17,1.18,-0.01,-0.8475,2776559.27,320879.557
284,600015.SH,20200313,6.88,7.02,6.84,6.95,7.04,-0.09,-1.2784,370417.48,256340.515
285,600000.SH,20200312,10.75,10.75,10.61,10.64,10.77,-0.13,-1.2071,326323.5,348157.969
286,600010.SH,20200312,1.18,1.19,1.17,1.18,1.19,-0.01,-0.8403,1987016.34,234474.162
287,600015.SH,20200312,7.04,7.07,7.01,7.04,7.07,-0.03,-0.4243,166334.61,117003.138
288,600000.SH,20200311,10.93,10.93,10.77,10.77,10.87,-0.1,-0.92,316888.26,343734.18
289,600010.SH,20200311,1.2,1.21,1.19,1.19,1.2,-0.01,-0.8333,2085590.45,249862.247
290,600015.SH,20200311,7.13,7.13,7.06,7.07,7.11,-0.04,-0.5626,162408.75,115174.497
291,600000.SH,20200310,10.71,10.96,10.7,10.87,10.78,0.09,0.8349,447617.37,485896.696
292,600010.SH,20200310,1.18,1.21,1.17,1.2,1.19,0.01,0.8403,2961235.64,352061.614
293,600015.SH,20200310,7.01,7.13,7.0,7.11,7.05,0.06,0.8511,228459.92,161812.719
294,600000.SH,20200309,11.0,11.0,10.75,10.78,11.12,-0.34,-3.0576,594952.42,644379.973
295,600010.SH,20200309,1.2,1.2,1.18,1.19,1.22,-0.03,-2.459,2932643.05,349450.334
296,600015.SH,20200309,7.1,7.1,7.02,7.05,7.16,-0.11,-1.5363,290577.37,204856.127
297,600000.SH,20200306,11.23,11.28,11.11,11.12,11.32,-0.2,-1.7668,415878.2,464404.003
298,600010.SH,20200306,1.23,1.24,1.21,1.22,1.24,-0.02,-1.6129,2560295.68,312561.895
299,600015.SH,20200306,7.2,7.24,7.15,7.16,7.25,-0.09,-1.2414,190997.25,137189.824
300,600000.SH,20200305,11.08,11.32,11.03,11.32,11.03,0.29,2.6292,730478.82,819311.47
301,600010.SH,20200305,1.23,1.26,1.22,1.24,1.22,0.02,1.6393,4873445.58,604323.88
302,600015.SH,20200305,7.17,7.29,7.15,7.25,7.15,0.1,1.3986,385229.0,279095.09
303,600000.SH,20200304,11.01,11.1,10.95,11.03,11.06,-0.03,-0.2712,346283.58,381014.627
304,600010.SH,20200304,1.2,1.23,1.2,1.22,1.21,0.01,0.8264,3066763.75,373111.542
305,600015.SH,20200304,7.1,7.16,7.1,7.15,7.12,0.03,0.4213,144727.12,103185.81
306,600000.SH,20200303,11.13,11.23,11.04,11.06,11.04,0.02,0.1812,393324.6,437422.565
307,600010.SH,20200303,1.22,1.23,1.2,1.21,1.21,0.0,0.0,3715180.92,452208.926
308,600015.SH,20200303,7.11,7.16,7.1,7.12,7.08,0.04,0.565,199967.25,142603.287
309,600000.SH,20200302,10.95,11.1,10.92,11.04,10.85,0.19,1.7512,392450.56,432698.824
310,600010.SH,20200302,1.17,1.22,1.17,1.21,1.17,0.04,3.4188,3810846.01,457543.991
311,600015.SH,20200302,6.99,7.1,6.99,7.08,6.95,0.13,1.8705,231485.04,163459.277
